file,href,id_present
404.html,#main,yes
about.html,#main,yes
contact.html,#main,yes
cookies.html,#main,yes
dashboard.html,#main,yes
deep.html,#main,yes
docs/hello.html,#main,yes
embed/product.html,#main,yes
hello.html,#main,yes
index.html,#main,yes
landing.enterprise.html,#main,yes
landing.enterprise.html,#${p.name},NO
landing.minimal.html,#main,yes
landing.minimal.html,#${p.name},NO
landing.story.html,#main,yes
landing.story.html,#${p.name},NO
offerings.html,#main,yes
privacy.html,#main,yes
products.html,#main,yes
