file,og:image,exists
404.html, , 
about.html, , 
careers.html,property="og:image" content="https://www.rbisintelligence.com/assets/og/careers.png,NO
contact.html,property="og:image" content="https://www.rbisintelligence.com/assets/og/contact.png,NO
cookies.html,property="og:image" content="https://www.rbisintelligence.com/assets/og/cookies.png,NO
dashboard.html,property="og:image" content="https://www.rbisintelligence.com/assets/og/dashboard.png,NO
deep.html,property="og:image" content="https://www.rbisintelligence.com/assets/og/deep.png,NO
docs/hello.html, , 
embed/product.html,property="og:image" content="https://www.rbisintelligence.com/assets/og/embed_product.png,NO
hello.html, , 
index.html,property="og:image" content="https://www.rbisintelligence.com/assets/og/index.png,NO
landing.enterprise.html,property="og:image" content="https://www.rbisintelligence.com/assets/og/landing.enterprise.png,NO
landing.minimal.html,property="og:image" content="https://www.rbisintelligence.com/assets/og/landing.minimal.png,NO
landing.story.html,property="og:image" content="https://www.rbisintelligence.com/assets/og/landing.story.png,NO
offerings.html,property="og:image" content="https://www.rbisintelligence.com/assets/og/offerings.png,NO
offline.html, , 
privacy.html,property="og:image" content="https://www.rbisintelligence.com/assets/og/privacy.png,NO
products.html,property="og:image" content="https://www.rbisintelligence.com/assets/og/products.png,NO
reports.html, , 
reports/a11y/404.html, , 
reports/a11y/about.html, , 
reports/a11y/careers.html, , 
reports/a11y/contact.html, , 
reports/a11y/cookies.html, , 
reports/a11y/dashboard.html, , 
reports/a11y/deep.html, , 
reports/a11y/docs/hello.html, , 
reports/a11y/embed/product.html, , 
reports/a11y/hello.html, , 
reports/a11y/index.html, , 
reports/a11y/landing.enterprise.html, , 
reports/a11y/landing.minimal.html, , 
reports/a11y/landing.story.html, , 
reports/a11y/offerings.html, , 
reports/a11y/offline.html, , 
reports/a11y/privacy.html, , 
reports/a11y/products.html, , 
reports/a11y/reports.html, , 
reports/a11y/search.html, , 
reports/a11y/sections/claim-fix-ai.html, , 
reports/a11y/sections/custom-sites-&-seo-ai.html, , 
reports/a11y/sections/nextusone-crm.html, , 
reports/a11y/sections/omniassist.html, , 
reports/a11y/sections/pact-ledger.html, , 
reports/a11y/sections/rbis-dashboard.html, , 
reports/a11y/sitemap.html, , 
reports/a11y/solutions.html, , 
reports/a11y/surfaces/dashboard.html, , 
reports/a11y/surfaces/sections/claim-fix-ai.html, , 
reports/a11y/surfaces/sections/custom-sites-&-seo-ai.html, , 
reports/a11y/surfaces/sections/nextusone-crm.html, , 
reports/a11y/surfaces/sections/omniassist.html, , 
reports/a11y/surfaces/sections/pact-ledger.html, , 
reports/a11y/surfaces/sections/rbis-dashboard.html, , 
reports/a11y/terms.html, , 
reports/a11y/trust.html, , 
reports/a11y/trust/accessibility/statement.html, , 
reports/a11y/trust/policies/cookies.html, , 
reports/a11y/trust/policies/privacy.html, , 
reports/a11y/trust/policies/retention.html, , 
reports/a11y/trust/security/overview.html, , 
reports/a11y/veridex-demo.html, , 
reports/a11y/veridex.html, , 
reports/a11y/websites.html, , 
search.html, , 
sections/claim-fix-ai.html, , 
sections/custom-sites-&-seo-ai.html, , 
sections/nextusone-crm.html, , 
sections/omniassist.html, , 
sections/pact-ledger.html, , 
sections/rbis-dashboard.html, , 
sitemap.html, , 
solutions.html, , 
surfaces/dashboard.html,property="og:image" content="https://www.rbisintelligence.com/assets/og/surfaces_dashboard.png,NO
surfaces/sections/claim-fix-ai.html, , 
surfaces/sections/custom-sites-&-seo-ai.html, , 
surfaces/sections/nextusone-crm.html, , 
surfaces/sections/omniassist.html, , 
surfaces/sections/pact-ledger.html, , 
surfaces/sections/rbis-dashboard.html, , 
terms.html,property="og:image" content="https://www.rbisintelligence.com/assets/og/terms.png,NO
trust.html,property="og:image" content="https://www.rbisintelligence.com/assets/og/trust.png,NO
trust/accessibility/statement.html, , 
trust/policies/cookies.html, , 
trust/policies/privacy.html, , 
trust/policies/retention.html, , 
trust/security/overview.html, , 
veridex-demo.html,property="og:image" content="https://www.rbisintelligence.com/assets/og/veridex-demo.png,NO
veridex.html,property="og:image" content="https://www.rbisintelligence.com/assets/og/veridex.png,NO
websites.html, , 
